Grant ID,Grant Type,Link,Amount,Recipient,Project Title,Product,Access
12-01,Museum,https://museeminero.com/,,Musée minéralogique et minier de Thetford Mines,French Translation of the Thetford Mines Movie,French translation and creation of video modules for museum displays,In-Person
12-02,Museum/Publication,https://discoverfossils.com/,,Canadian Fossil Discovery Centre,Interpretive Booklet and Brochure Printing,Printing museum interpretive booklets and brochures,In-Person
12-05,Website,https://earthsciencescanada.com/,,Canadian Geoscience Education Network (CGEN) & Canadian Federation of Earth Sciences (CFES),Earth Sciences Canada (ESC) Web Site Improvement and Consolidation,Earth Sciences Canada (ESC) website improvement and consolidation,Online
12-07,Museum/Publication,https://boutique.nbm-mnb.ca/products/a-guide-to-stonehammer-geopark,,New Brunswick Museum,Stonehammer Geopark Guidebook,"Printing of ""A Guide to Stonehammer Geopark"" by Randall F. Miller",Order Online
12-08,Museum/Education,https://www.britanniaminemuseum.ca/pages/school-field-trips,,Britannia Mine Museum,Britannia Mine Museum Mineralogy Program Enhancement,Enhancement of K-12 educational workshops,Book Online
12-09,Museum/Education,https://pme.ubc.ca/,,Pacific Centre for Isotopic and Geochemical Research,"Geochemistry Outreach: Museum Displays, Teacher Training and Online Resources","UBC Pacific Museum of Earth (PME) display, teacher training workshops, and free online resources",In-Person/Online
12-12,Education,https://miningmatters.ca/indigenous-programs/mining-rocks-earth-science-programs,,Mining Matters,Aboriginal Youth Outreach Summer Camp Program - Mining Rocks Earth Science Camps,"Aboriginal Youth Summer Camp ""Mining Rocks Earth Science Programs""",Book Online
12-17,Museum,https://canmoremuseum.com/,,Canmore Museum and Geoscience Centre,Participatory Museum Touch Screen Table Upgrade,Geosceince interactive touch screen display table,In-Person
12-18,Education,https://www.petrasapiens.org/?navigation=1,,PetraSapiens,Interactive Earth Sciences Program (Part 4),Materials and fossils for workshops,Book Online
12-22,Education/Conference,https://gac.ca/events/gac-mac-annual-meeting/,,GAC-MAC 2013,Outreach Program Winnipeg GAC-MAC 2013,Teacher field trip workshop,N/A: Past Event
13-02,Park,http://www.foretlablanche.org/,,Foret-la-Blanche Parc,"Understanding the past to plan for the future: Sedimentology, Paleoecology,
and Public Outreach at Forêt-la-Blanche park, southeastern Québec",Sedimentology and paleoecology interpretive signage,In-Person
13-03,Museum,https://bancroftontario.com/bancroft-attractions/bancroft-mineral-museum/,,Bancroft Gem and Mineral Club,Bancroft Mineral and Mining Museum,Museum restoration and enhanced geological & mining display,In-Person
13-08,Education,https://www.petrasapiens.org/?navigation=1,,PetraSapiens,Interactive Earth Sciences Program (Part 5),Materials and fossils for workshops,Book Online
13-09,Publication,https://gac.ca/product/geology-of-nova-scotia-touring-through-time-at-48-scenic-stops/,,,Publication of a reader-friendly field guide entitled Geology of Nova Scotia,"Publication and content development of ""Geology of Nova Scotia: Touring through time at 48 scenic stops"" by Martha Hickman Hild and Sandra M. Barr",Order Online
13-10,Museum,https://jogginsfossilcliffs.net/institute/,,Joggins Fossil Institute,Joggins Fossil Cliffs Fossil Finders Exhibit,Development of new fossil exhibit,In-Person
13-12,Education/Publication,https://www.aboriginalaccess.ca/resources/ordering-publications,,"Aboriginal Access to Engineering, Faculty of Engineering and Applied Science Queens University","I’m a Geological Engineer: Aboriginal Access to Engineering at Queen’s University, outreach
material development","Development and printing of storybook ""I'm a Geological Engineer"" (free student and teacher versions)",Book/Download Online
13-13,Education,https://fkeller.wixsite.com/fkeller/resources,,"School of Earth and Ocean Science, University of Victoria (UVIC)","Digital Learning Resources for engaging youth and teachers with Non-Renewable Resources and Earth science: app, ibook, and wiki","Free digital resources for geoscience education: Mining in BC (Map), Everyday Mineral and Rock Uses (Matching Cards), and ""Whats in Our Stuff"" iPad App",Online
13-15,Organization/Website,https://www.canadiangeoparks.ca/,,"Canadian National Committee for Geoparks (CNCG), Canadian Federation of Earth Sciences (CFES) & Joggins Fossil Institute",Capacity building for supporting development of Canadian Geoparks within the Global Geoparks Network,"Website improvements, establishment of mentorship program, and host first in-person meeting",Online
13-18,Publication,https://gac.ca/product/searching-for-the-origins-of-haida-gwaii-adventures-while-mapping-the-geology-of-the-islands-1958-1962/,,Geological Association of Canada (GAC) Publications,Publication of GAC Miscellaneous Publication 9 entitled “Searching for the Origins of Haida Gwaii”,"Publication of ""Searching for the Origins of Haida Gwaii: Adventures While Mapping the Geology of the Islands 1958-1962"" by Atholl Sutherland Brown",Order Online
13-19,Publication,https://gac.ca/product/stirring-the-pot-a-celebration-of-the-career-of-paul-f-hoffman/,,Geological Association of Canada (GAC) Publications,Publication of GAC Geoscience Canada Reprint Series 10 entitled “Stirring the Pot: A Celebration of the Career of Paul F. Hoffman”,"Publication of ""GCRS 11: Stirring the Pot: A Celebration of the Career of Paul F. Hoffman"" ",Order Online
13-21,Education,https://ceccharlevoix.ca/,,Centre d’études collégiales en Charlevoix (CECC),"Centre d’interprétation des séismes de Charlevoix (CISC) du Centre d’études
collégiales en Charlevoix(CECC)",Seismometer display for educational purposes,In-Person
13-22,Museum,https://uwaterloo.ca/earth-sciences-museum/exhibits-collections,,"Department of Earth and Environmental Sciences, University of Waterloo (UW)","Augmented Reality Mastodon Display in the Earth Sciences Museum: A 50th Anniversary
Project","Development of ""Mastodon: Life, Death, and Discovery"" augmented reality exhibit",In-Person
14-01,Education,https://miningmatters.ca/,,Mining Matters,Mining Rocks Earth Science Summer Programs,"Aboriginal education and outreach programs, teacher training and school programs, and outreach programs",Book Online
14-02,Museum,https://www.snowlake.com/p/mb-star-attraction-mining-museum,,Snow Lake Mining Museum,Snow Lake Mining Museum Rock & Mineral Exhibit,Development of new rock and mineral display,In-Person
14-07,Museum/Education,https://www.britanniaminemuseum.ca/pages/school-field-trips,,Britannia Mine Museum,Britannia Mine Museum Mineralogy Program Enhancement – ‘It’s Elemental’,"Enhancement of K-12 educational workshop ""It's Elemental"" interactive station",Book Online
14-09,Park,https://www.ontariotrails.on.ca/trail/geo-time-trail,,,"The Waterloo GeoTime Trail: Re-Application for Phase 2, and Phase 3 (Final layout)",Trail signage for Waterloo GeoTime ,In-Person
14-11,Website,http://earthsciencescanada.com/cgen/,,Canadian Geoscience Education Network (CGEN),"CGEN Websites (CGEN, Careers, Earthlinks, and CGEN archive) Maintenance, Development and Marketing: to better support educators and CFES/CGEN users in promoting Earth science in Canada","Website enhancements, advertisement, and marketing",Online
14-13,Education,https://www.lightsource.ca/public/education/education.php,,Canadian Light Source Inc. (CLS),Students on the Beamlines – Canadian Geological Research,Teacher workshops and materials and student workshops,Book Online
14-15,Publication,https://journals.lib.unb.ca/index.php/GC/issue/archive,,Geological Association of Canada (GAC),Geoscience Canada - building a sustainable world-class journal,Supporting “Geoscience Canada” publications,Online
14-16,Publication,https://journals.lib.unb.ca/index.php/GC/issue/archive,,Geological Association of Canada (GAC),Geoscience Canada - building a sustainable world-class journal,Supporting “Geoscience Canada” publications,Online
14-17,Website/Conference,https://www.iugs.org/rfg,,"RFG 2018 National Organizing Committee, Canadian Federation of Earth Sciences Fédération canadienne des Sciences de la Terre (CFES/FCST)",Preparation and printing of communications and promotional materials for the Inter-IGC Conference “Resourcing Future Generations” (RFG2018),Development of RFG 2018 website,N/A: Past Event
14-18,Museum,https://friendsofmurphyspoint.ca/,,Friends of Murphys Point Park,Geo-Heritage at the Silver Queen Mine,Development of mineral display & guided tours,In-Person
14-19,Museum,https://jogginsfossilcliffs.net/institute/,,Joggins Fossil Institute,Joggins Fossil Cliffs Fossil Finders Exhibit,"Development of ""Fossil Finders"" exhibit",In-Person
14-20,Education/Website,https://www.edgeo.org/en_CA/,,National EdGEO Workshop Program,EdGEO Workshop and Website Support,"Teacher workshops, website maintenance, french translation of free educational resources, and annual newsletter",Online
14-22,Education,https://www.petrasapiens.org/?navigation=1,,PetraSapiens,Interactive Earth Sciences Program (Part 6),Workshop materials,Book Online
14-25,Education,http://jeuvolcansen.blogspot.com/,,University of Quebec in Montreal (UQAM),Educational kits: How does our planet work? 1. Volcanoes and 2. Climates,Printing of geoscience (volcano & climate) educational loaner kit ,Online
14-26,Museum,https://www.musee-geologie.ulaval.ca/,,René-Bureau Museum of Geology,The René-Bureau Museum of Geology - Implementation of an enhanced reality tour,"Development of virtual exhibits with QR codes, fossils, and minerals",In-Person
14-27,Publication,https://gac.ca/product-category/palaeontographica-canadiana/,,Geological Association of Canada GAC Paleontology Division,Publication support for 3 volumes in the research monograph series Palaeontographica Canadiana,Publication of Palaeontographica Canadiana No. 34,Order Online
14-28,Education,https://impact.uwo.ca/,,"Department of Earth Sciences, University of Western Ontario",Impact Earth,"Development of interactive Map ""Craters and Meteorites of Canada"", display materials, rock kits, citizen science projects, webinars, and news bulletin",Online
14-29,Publication,https://www.chapters.indigo.ca/en-ca/books/okanagan-geology-british-columbia/9780969979548-item.html,,Kelowna Geology Committee,"3rd Edition of “Okanagan Geology, British Columbia”","Printing of ""Okanagan Geology: British Columbia"" by John David Greenough and M.A. Roed",Order Online
14-30,Park,https://earthsci.carleton.ca/outreach,," Department of Earth Sciences, Carleton University",Alice Wilson Geoheritage Park signage and Discovering Earth Sciences Teacher Workshop travel assistance,Signage or interpretive panels for Alice Wilson Geoheritage Park,In-Person
14-31,Education,https://www.sciencenorth.ca/dynamic-earth,,"Science North, Dynamic Earth",Interactive Earth Science Programs for Schoolchildren,Hands-on programs for K-12 youth ,In-Person
15-00,Publication,https://www.cfes-fcst.ca/fbyc,,Canadian Federation of Earth Sciences (CFES),Publication of the Book 4 Billion Years and Counting,"Publication of ""4 Billion Years and Counting"" by Robert A. Fensome",Order Online
15-01,Museum,https://pme.ubc.ca/,,Pacific Museum of Earth (PME),An Audio-visual Journey through the Pacific Museum of Earth,Development of Education video and audio footage to accompany displays,In-Person
15-03,Museum,https://quartermainearthsciencecentre.com/,,Quartermain Earth Science Centre,World of Minerals Exhibit,Development of mineral Exhibit with interactive displays and experiments,In-Person
15-05,Publication,https://gac.ca/product-category/palaeontographica-canadiana/,,Geological Association of Canada GAC Paleontology Division,Publication support for 3 volumes in the research monograph series Palaeontographica Canadiana,Publication of Palaeontographica Canadiana No. 36 & No. 37,Order Online
15-07,Education,https://www.youtube.com/@atlanticgeosciencesociety8838/videos,,Atlantic Geoscience Society Video Committee,A Series of Vignettes about the Geology of Nova Scotia,Production of 3-5 minute vignettes on key locations of geological interest in Nova Scotia that can be used on mobile devices for students and tourists,Online
15-08,Education,https://earthsci.carleton.ca/news/2020/dr-claudia-schroder-adams-new-documentary-film-called-arctic-greenhouse,,"Department of Earth Sciences, Carleton University","Scientific Documentary entitled “Arctic Greenhouse” For distribution to all schools in Canada’s Northern Territories, earth science outreach material",Production of a hour documentary on climate change effect on artic sea ice and ecosystems,Watch Online
15-10,Publication,https://boulderbooks.ca/product/geology-of-new-brunswick-and-prince-edward-island-field-guide/,,,Publication of a reader-friendly field guide entitled Geology of New Brunswick and Prince Edward Island,"Research and Publication of ""GEOLOGY OF NEW BRUNSWICK AND PRINCE EDWARD ISLAND: TOURING THROUGH TIME AT 44 SCENIC SITES"" by Martha Hickman Hild & Sandra Barr",Order Online
15-11,Publication,https://journals.lib.unb.ca/index.php/GC,,Geological Association of Canada (GAC),Geoscience Canada - building a sustainable world-class journal,"Translation, layout, promotion, marketing, and website elements for Geoscience Canada ",Online
15-12,Publication,https://journals.lib.unb.ca/index.php/GC,,Geological Association of Canada (GAC),Geoscience Canada - building a sustainable world-class journal,"Translation, layout, promotion, marketing, and website elements for Geoscience Canada ",Online
15-13,Publication,https://data.geology.gov.yk.ca/Reference/78472#InfoTab,,2016 Whitehorse GAC-MAC Local Organizing Committee,Southern Yukon Geological Highway Map,Creation of Yukon road map for tourism and education,Download Online
15-14,Education,https://impact.uwo.ca/,,"Department of Earth Sciences, Centre for Planetary Science and Exploration, University of Western Ontario",Impact Earth – Part 2,"Support for outreach program about meteorite impacts including interactive maps, displays, educational kits, and citizen science projects",Online
15-15,Conference,https://www.iugs.org/rfg,,"RFG 2018 National Organizing Committee, Canadian Federation of Earth Sciences Fédération canadienne des Sciences de la Terre (CFES/FCST)",Preparation and printing of communications and promotional materials for the Inter-IGC Conference “Resources for Future Generations” (RFG2018),"Support for conference graphic design, posters, flyers, brochures, and e-blast emails",N/A: Past Event
15-16,Education,https://www.lightsource.ca/public/education/education.php,,Canadian Light Source Inc. (CLS),Students on the Beamlines – Canadian Geological Research,"Teacher workshops and materials, and student workshops",Book Online
15-17,Museum,https://manitobamuseum.ca/,,The Manitoba Museum,Plesiosaur Project at The Manitoba Museum,Development of plesiosaur exhibit in the Earth History Gallery,In-Person
15-18,Education,https://school.cbe.ab.ca/school/AlexMunro/Pages/default.aspx,,Alex Munro School Garden Committee,Alex Munro School Canadian Rock Exploration Playscape,"Rock garden with guide book created by students, and creation of world rock library ",N/A: Not Available 
16-03,Education,https://miningmatters.ca/indigenous-programs/mining-rocks-earth-science-programs,,Mining Matters,Aboriginal Education and Outreach Programs (AEOP),"Support for materials for aboriginal student, teacher, counselors, and community member workshops",Book Online
16-04,Education,https://miningmatters.ca/,,Mining Matters,Inner City Programs,Support materials to deliver Earth Science Educational Classroom Programs to target inner city schools,Online
16-05,Publication,https://edmontongeologicalsociety.ca/publications/,,Edmonton Geological Society,McConnell and Brock 1903 Frank Slide Report Reprint,"Reprint of ""Report on the Great Landslide at Frank, Alta., 1903"" by R.G. McConnell and R.W. Brock",Order Online
16-07,Museum,https://www.britanniaminemuseum.ca/,,Britannia Mine Museum,Black Smokers at Britannia Mine Museum,Development of new display,In-Person
16-08,Museum,https://www.fortunehead.com/,,Fortune Head ECO Friends Inc. (Fortune Head Geology Centre),Fortune Head Geology Museum: Geological Concepts Activity Stations,Enhancement and installation of hands-on geoscience activity stations,In-Person
16-10,Education/Publication,https://alpinebookpeddlers.ca/item/GUjaH_7NYn0sn4ayHFaVWA,,Burgess Shale Geoscience Foundation,Burgess Shale Colouring Book for Children,Publication of coloring book ,Order Online
16-11,Education/Publication,https://atlanticgeosciencesociety.ca/wp-content/uploads/2020/11/NSPebbles.pdf,,Education Committee of the Atlantic Geoscience Society (AGS),Nova Scotia Pebbles,Development of pebble guide for Nova Scotia beaches ,Download Online
16-13,Park,https://discoverygeopark.com/,,Sir William Ford Coaker Heritage Foundation Inc,"Geosite Interpretation for Discovery Aspiring Geo Park on Bonavista Peninsula, NL",Signage for sites of geological significance,In-Person
16-14,Education,http://saskmining.ca/Mines-in-Saskatchewan/MAP-Event,,Saskatchewan Mining Association (SMA),MAP (Minerals and Products) Event,"Two day outreach event on the mining cylce, mineral resource development, and careers",N/A: Past Event
16-16,Education,https://sgshome.ca/outreach,,Saskatchewan Geological Society (SGS),Saskatchewan Geological Society Education and Outreach Activities,"Support for public and school lectures, and development of geoscape website and lesson plans",Online
16-17,Museum,https://cresrc.ca/,,Canadian Rockies Earth Science Resource Centre (CRESRC),Cougar Creek Walk,Development of Cougar Creek poster and brochure,In-Person
16-19,Museum/Publication,https://www.mcgill.ca/redpath/,,Redpath Museum & McGill University,TREASURES FROM THE EARTH: A Mineral Gallery Guide,Printing of museum mineral guide book,In-Person
16-20,Education,https://www.google.com/maps/d/u/0/viewer?mid=13T4ZdqTJzS6O7aT3aHAM04Qqa3ZLg5jq&ll=49.65826294614371%2C-123.18894895000001&z=9,,Below BC,An Open Repository for Virtual and Augmented Reality Geoscience Fieldtrips and Geo-Tours,360° virtual and augmented field trips and geotours ,Online
16-22,Education/Park,https://stonehammergeopark.com/,,Stonehammer Geopark,Stonehammer UNESCO Global Geopark - Education Materials,"Development of activity guides, pamphlets, workbooks and materials for park activities",In-Person
17-01,Museum/Education,https://www.mtroyal.ca/ProgramsCourses/FacultiesSchoolsCentres/ScienceTechnology/Departments/EarthEnvironmentalSciences/CretaceousSeasExhibit/,,"Deptarment Earth and Environmental Sciences, Mount Royal University",Cretaceous Land Exhibit,"Development of a new display available to the public, with options for tours from students",In-Person
17-02,Publication,https://www.chapters.indigo.ca/en-ca/books/okanagan-geology-british-columbia/9780969979548-item.html,,Kelowna Geology Committee,"Reprint of “Okanagan Geology South” Geologic Highlights of the South Okanagan, British Columbia","Re-printing of ""Okanagan Geology: British Columbia"" by John David Greenough and M.A. Roed",Order Online
17-03,Publication,https://www.amazon.ca/Rocks-Ridges-Rivers-Geological-National-ebook/dp/B0748T461V/ref=tmm_kin_swatch_0?_encoding=UTF8&qid=&sr=,,"Department of Geoscience, University of Calgary","Publication of Geotourism Book entitled “Passing Through Time: a Geological Tour Through Banff, Yoho and Jasper National Parks”","Publication of ""Rocks, Ridges, and Rivers: Geological Wonders of Banff, Yoho, and Jasper National Parks"" by Dale Leckie",Order Online
17-04,Publication,http://www.portmoody.rocks/150RocksBrochure.php,,Port Moody Rock and Gem Club,150 Rocks,"Printing of ""150 Rocks"" brochure",Order Online
17-05,Publication,http://www.rangsch.de/downloads/four_good_eyes.pdf,,N/A,Four Good Eyes: Raised Beaches and Dropped Stones - An Art and Geology Project on Fogo Island (Publication and Exhibition),"Publication of ""Four Good Eyes: Raised Beaches and Dropped Stones - An Art & Geology Project on Fogo Island"" by Rona Rangsch & Jack Botsford",Download Online
17-07,Education,https://www.beyondclassrooms.ca/teacher-information/applications/ ,,Beyond Classrooms Kingston,"Beyond Classrooms Kingston - Miller Museum of Geology, Student Bursary 2017-2020",Support for two classes over two weeks for programming at the Miller Museum of Geology,In-Person
17-08,Conference,https://atlanticgeosciencesociety.ca/events/augc-student-conference,,Atlantic Universities Geoscience Conference (AUGC) Fundraising Committee,Atlantic Universities Geoscience Conference 2017,Support for student organized conference,N/A: Past Event
17-09,Museum,https://www.fortunehead.com/,,Fortune Head Geology Centre,Fortune Head Geology Museum: Petrographic Microscope and Thin Section Acquisition,Petrographic microscope for exhibits in development,In-Person
17-12,Education,https://communityscienceliaison.ca/bees/,,"Department of Earth and Environmental Sciences, Mount Royal University",Canadian Cordillera Array (CCArray); Education and Outreach Materials and Program Development,"Outreach program called ""Geological Bumble-Bee"" to engage the public and school groups ",Online
17-13,Museum,https://fundygeological.novascotia.ca/,,Fundy Geological Museum,"New Geology Cabinets and Compact Storage, Fundy Geological Museum","Cabinets and storage systems to preserve rock, mineral, and fossil specimens",In-Person
17-17,Museum/Education,https://www.britanniaminemuseum.ca/,,"Department of Earth Sciences,
Western University & Britannia Mine Museum",TerraLab Imaginarium (Phase I): Metals as Essential to Life Systems,Development of the TerraLab and workshop programming,In-Person
17-18,Education,https://sgshome.ca/outreach,,Association of Professional Engineers and Geoscientists of Saskatchewan (APEGS),Saskatchewan Geological Society Annual School Lecture,Annual school lecture for grades 4-9,In-Person
17-19,Conference,https://gac.ca/,,Geological Association of Canada (GAC) Publications,A new association management system and website for the Geological Association of Canada and the GAC-MAC conference,Website redesign and development,Online
17-22,Education,https://geoscienceaction.com/,,Éducation Géoscientifique en Action (EGA),Geoscience kits for primary school teachers and their pupils in the Francophone School commissions of Quebec,Classroom science kits and workshops,Online
18-01,Organization,http://www.vip-gac.ca/Awards.html,,Volcanology and Igneous Petrology (VIP) Division of GAC,Procurement of Léopold Gélinas Medals by the Volcanology and Igneous Petrology (VIP) Division of GAC,Support to purchase award medals,See Recipients Online
18-04,Organization,https://gac.ca/,,Geological Association of Canada (GAC),Restructuring the Geological Association of Canada,Review and re-structuring of organization,N/A
18-06,Museum,https://www.ualberta.ca/science/about-us/virtual-tours/paleontology-museum.html,,"Department of Earth and Atmospheric Sciences, University of Alberta",Trilobite Learning Centre - Touch Screen Exhibits,Digital design work for new interactive trilobite exhibit ,In-Person or Online
18-07,Museum/Education,https://www.museedufjord.com/,,Musée du Fjord,The Geological History of the Saguenay—Lac-Saint-Jean Region,Materials for new exhibit and workshops,In-Person
18-08,Museum,https://stonehammergeopark.com/geosites/reversing-falls/,,Stonehammer UNESCO Global Geopark,"Satellite Interpretation Centre, Stonehammer UNESCO Global Geopark",Development of new exhibits,In-Person
18-09,Education/Park,https://scitech.viu.ca/earth-science/education-resources-0,,"Department of Earth Science, Vancouver Island University",Promoting Earth science within the community through the fabrication of teaching kits for school teachers and signage for public geological displays,Materials and development of content for workshops and garden display,Order Online
18-10,Education,https://sgshome.ca/outreach,,Association of Professional Engineers and Geoscientists of Saskatchewan (APEGS),Saskatchewan Geological Society Annual School Lecture,Student transportation to annual lecture for grade 4-9 students,Online
18-12,Education,igniteeducationinc@gmail.com,,Canadian Geological Foundation (CGF),Newfoundland and Labrador Ultimate Collection of Minerals Kit and Minerals of Newfoundland and Labrador Identification Guide,Development of mineral kits and ID guide featuring minerals found throughout Newfoundland and Labrador,Email
18-15,Education,https://earthsci.carleton.ca/outreach/teachers-workshop,,"Department of Earth Sciences, Carleton University",Discovering Earth Sciences Inquiry-based Field Experience for Teachers,Support for teacher professional development workshops,Apply Online
19-05,Museum,https://quartermainearthsciencecentre.com/,,"Quartermain Earth Science Centre, Department of Earth Sciences, University of New Brunswick",A Bio - Geological Walk Through Time: Our history told by FOSSILS,"Development of a traveling diorama exhibit ""The Palaeozoic World""",In-Person
19-06,Education,https://pme.ubc.ca/learn/podcast/,,"Department of Earth, Ocean and Atmospheric Sciences, University of British Columbia (UBC)","Earth and Planetary Science Podcast: “Through the Eons”/ Season 1""","Development of podcast on paths in geoscience science call ""On Earth""",Online
19-07,Publication,https://geoscientistscanada.ca/source/pubs/EN_GIC.pdf,,Geoscientists Canada/Géoscientifiques Canada,Geoscience and Canada - Understanding our Earth: The vital role of Canada’s geoscientists/Les géosciences au Canada Bien connaître la terre sous nospieds : Le rôle primordial desgéoscientifiques au Canad,"Re-publication of ""Geoscience and Canada – Understanding our
Earth: The vital role of Canada’s geoscientists""",Online
19-08,Education,https://www.petrasapiens.org/?navigation=1,,PetraSapiens,Interactive Activities in Earth Sciences,Fossil specimens for workshops,Book Online
19-11,Education,https://www.whistler.ca/culture-recreation/arts-nature-heritage/whistler-heritage/Whistler-101/,,"Cultural Planning & Development, Resort Municipality of Whistler",The Geodiversity of Whistler: A Whistler 101 Lecture and Digital Field Guide,Development of recorded lectures on the geodiversity of the Sea-to-Sky corridor and a Geology Digital Field Guide,Watch Online
19-14,Education,https://miningmatters.ca/indigenous-programs/mining-rocks-earth-science-programs,,Mining Matters,Mining Rocks Earth Science Programs,"Support for workshops for Indigneous youth, educators, and community members",Book Online
19-15,Publication,https://www.amazon.ca/Take-Canadian-Society-Petroleum-Geologists/dp/0986942545,,Canadian Society of Petroleum Geologists (CSPG),Go Take a Hike – The Geology of Trails in the Canadian Rockies and Surrounding Area,"Printing and shipping for ""Go Take a Hike"" by Canadian Society of Petroleum Geologists",Order Online
19-16,Publication,https://www.ontarioparks.com/parksblog/silver-queen-mine-at-murphys-point/,,Friends of Murphys Point Park,Reprinting of Silver Queen Mine Trail Guide,"Re-development and printing of ""Silver Queen Mine Trail Guide""",In-Person
19-23,Education/Publication,https://www.amazon.ca/Earth-2020-Insiders-Rapidly-Changing/dp/1783748451,,"Department of Earth, Ocean and Atmospheric Sciences, University of British Columbia (UBC)",Planet Earth 2020 & the Earth Symphony,"Support for 50th anniversary of Earth Day celebrations: ""Planet Earth 2020"" book, musical score and performance of the Earth Symphony, and outreach events",Order Online
19-25,Museum,https://www.tourismeanticosti.ca/quoi-faire?lang=en,,"Department of Earth and Environmental Sciences, Université de Ottawa","Anticosti, une mer de fossiles",Support for new exhibit in the municipality of Anticosti Island,In-Person
19-29,Education,https://geoaction.wordpress.com/,,Geoscience Education in Action (GEA),"Geoscience kits for primary school teachers, their pupils and student teachers completing practicums in the Francophone School Commissions of Quebec",Support for geoscience kits for student-teachers and student-teacher workshops,Online
19-32,Education,https://bbcga.com/,,Below BC,Taking Earth Science on the Road: Supporting Below BC Outreach and Impact in Communities,Materials to support workshop and outreach events outside the Lower Mainland,In-Person
19-33,Education,https://www.guepe.qc.ca/activite-en/rocks-and-minerals,,Groupe Uni des Éducateurs-naturalistes et Professionnels en Environnement (GUEPE),A rock-solid investigation,"Development, materials, and delivery of in-class workshops for elementary groups",Book Online
19-37,Education/Park,https://discoverygeopark.com/,,Discovery Aspiring Geopark Inc,Discovery Aspiring Geopark Inc Education and Interpretation Project,"Support for student and teacher workshops, illustrated maps, and interpretative panels",In-Person/Online
20-01,Education,https://experience.arcgis.com/experience/3316e2b164cb448e8f1b94cb8bed5870/,,APGO Education Foundation,Geology Virtual Fieldtrip of Downtown Toronto Buildings,In-person tour of geological history of stonework in downtown Toronto,Online
20-02,Museum,https://www.travelmanitoba.com/directory/snow-lake-mining-museum/,,Snow Lake Mining Museum,Snow Lake Mining Museum Rock and Mineral Exhibit,Development of rock an mineral exhibit,In-Person
20-03,Publication,https://www.amazon.ca/Scenic-Geology-Alberta-Roadside-Touring-ebook/dp/B0947DB82L,,"Department of Geoscience, University of Calgary ",Geotourism Book entitled along the lines of “Geology of Alberta’s Spectacular Scenic Sites”,"Development and publishing of Alberta geotourism book ""The Scenic Geology of Alberta: A Roadside Touring and Hiking Guide"" by Dale Leckie",Order Online
20-04,Publication,https://artsandscience.usask.ca/geology/department/boulders_map_2022_web.pdf,,"Department of Civil, Geological and Environmental Engineering, University of Saskatchewan",University of Saskatchewan Boulder Map Update,Development and publishing of updated boulder map,Download Online
20-06,Publication,https://edmontongeologicalsociety.ca/publications/,,Edmonton Geological Society (EGS),Edmonton Beneath our Feet Reprint,"Re-publication of ""Edmonton Beneath Our Feet"" by John Godfrey",Local Bookstores
20-07,Publication,https://www.fbycbook.com/,,Geological Survey of Canada (GSC) - Atlantic,Second Edition of the bestselling book The Last Billion Years,"Re-publication of ""Four Billion Years and Counting""",Order Online
20-08,Publication,https://gac.ca/product-category/palaeontographica-canadiana/,,Geological Association of Canada GAC Paleontology Division,Publication support for 3 volumes in the research monograph series Palaeontographica Canadiana,"Re-ublication of Palaeontographica Canadiana No. 38, No. 39, & No. 40",Order Online
20-14,Education/Website,https://bbcga.com/,,Below BC,Creating Online Resources in Earth Sciences,"Support for online education resources (Digital Museum, Kitsilano Beach Fossil Beds) and outreach activities",Online
21-01,Museum/Park,https://www.bonnecheremuseum.ca/visit,,Bonnechere Arts and Historical Society,Bonnechere Arts and Historical Society Fossil Hunting Geo-Trail Upgrade,Geoheritage trail maintenance and upgrades for increased accessibility and signage ,In-Person
21-02,Publication,https://atlanticgeosciencesociety.ca/wp-content/uploads/2022/05/22-05-NS_Minerals_and_gems_FINAL.pdf,,Natural Resources Canada (NRCAN),"""Gems and Minerals of Nova Scotia” brochure","Development and production of ""Nova Scotia Minerals and Gems"" brochure",Download Online
21-03,Publication,https://eos.org/geofizz/meet-jane-the-zircon-grain-geochronologys-new-mascot,,Qanik Geoscience,Printing and distribution of Jane's Geological Adventure in Canada,"Printing and distribution of ""Printing and distribution of Jane's Geological Adventure"" by Matthew Fox",N/A
22-01,Education/Conference,https://cangeoeducation.ca/en/professional-development/,,The Royal Canadian Geographical Society (RCGS),Canadian Geographic Education Summer Conference,Support for conference for educators and educator resources,N/A: Past Event
22-04,Publication,https://atlanticgeosciencesociety.ca/publications/brochures-maps-books,,Atlantic Geoscience Society,Geological Map of Nova Scotia,"Printing of ""Geological Journey Map of Nova Scotia""",Order Online
22-07,Conference,https://atlanticgeosciencesociety.ca/events/augc-student-conference,,"Fletcher Geology Club, Department of Earth & Environmental Sciences, Acadia University",Atlantic Universities Geoscience Conference 2022,Support for 2022 Atlantic Universities Geoscience Conference,N/A: Past Event
22-15,Education,tm_roth@laurentian.ca,,Harquail School of Earth Sciences,Minecraft-inspired Rock ID Game,Development of 100 Minecraft Rock ID Game boxes with specimens that compliment rocks and minerals found in the virtual game,Email
23-1,"Women in Natural Resource Sciences Conference (2 years approved $2,500 in Yr.2) Fleming College",,"$2,500.00",,,,
23-2,"Dinosaurs, Minerals and Rocks of Wasson Bluff, Nova Scotia Atlantic Geoscience Society Video Committee and Robert Grantham-Retired",,"$5,500.00",,,,
23-3,"Promoting the Geosciences by expanding the COASTIE citizen science monitoring and outreach program Dr. Chris Houser, Vice President Research and Dean of Faculty of Science, University of Windsor",,"$30,000.00",,,,
23-5,Career Spotlight: Mineral Industry 101 MineralsEd,,"$10,000.00",,,,
23-6,"Atlantic University Geoscience Conference 2023 Atlantic University Geoscience Conference, Joshua Young",,"$2,000.00",,,,
23-8,Banded Iron Formation Display Museum of Natural Sciences at the University of Saskatchewan,,"$1,300.00",,,,
23-9,"Creating a positive field culture guidebook for the geosciences Acadia University, Earth and Environmental Science Department",,"$9,000.00",,,,
23-10,Urban Geotrails of Natural Areas in Greater Toronto Area APGO Education Foundation,,"$23,850.00",,,,
23-12,"‘Bringing Stories to the Forest’: Enhancing the Educational Impact of a Community Fossil Museum (2 years approved $11,950 in Yr. 2) Jason Loxton, Cape Breton University/Cape Breton Fossil Centre",,"$11,487.00",,,,
24-1,"Preparation of the second edition of ""Mont Saint-Hilaire, Geology, Mineralogy"" 
Robert F. Martin, Mineralogical Association of Canada",,"$10,000",,,,
24-2,"Classroom Rock and Mineral Kits 
Louise Leslie, Geo Learns",,"$9,285",,,,
24-3,"""Having Assay: Presenting the Geology that Formed a Region""
Joelle Hodgins, Museum Director, Rossland Historical & Archives Association",,"$25,000",,,,
24-4,"Alice Wilson Geoheritage Park signage, Carleton University Campus, Ottawa, Ontario (update)
Beth McLarty Halfkenny, Carleton University Department of Earth Sciences",,"$16,000",,,,
24-6,"Outfitting Stonehammer UNESCO Global Geopark for a New Era: Resources and Supplies for a Long Term Fossil Discovery Centre
Catrina Russell, Stonehammer UNESCO Global Geopark",,"$10,500",,,,
24-7,"Canadian Bid Delivery to host the 2028 International Geological Congress (IGC), at IGC 2024 in South Korea
Dr. Katherine Boggs, Mount Royal University, Department of Earth and Environmental Sciences
International Director CFES; co-chair IGC 2028 Bid Development Committee",https://www.iugs.org/igc,"$5,000",,,,